"SampleID","orig.class","phy.group","Lake","Elevation","LD1"
"SNL-ZOOP-01A","Daphnia","cladocera","Lukens",2513,6.42415620053797
"SNL-ZOOP-02A","Daphnia","cladocera","Lukens",2513,4.71651094539312
"SNL-ZOOP-03A","calanoid","copepoda","Lukens",2513,3.62194776764597
"SNL-ZOOP-04A","calanoid","copepoda","Lukens",2513,3.37356914326437
"SNL-ZOOP-05A","calanoid","copepoda","MayPond",2714,2.33420055932612
"SNL-ZOOP-06A","calanoid","copepoda","MayPond",2714,-0.0502543495362503
"SNL-ZOOP-07A","calanoid","copepoda","MayPond",2714,1.13614871624204
"SNL-ZOOP-08A","calanoid_cyclopoid","copepoda","Blue",3054,1.71347641519143
"SNL-ZOOP-09A","calanoid_cyclopoid","copepoda","Blue",3054,1.76973795314361
"SNL-ZOOP-10A","Daphnia","cladocera","Blue",3054,5.26790696628854
"SNL-ZOOP-11A","Daphnia","cladocera","Blue",3054,2.41714213996558
"SNL-ZOOP-13A","Daphnia","cladocera","Cascade",3140,0.784605948983299
"SNL-ZOOP-14A","Daphnia","cladocera","Cascade",3140,2.47107784219812
"SNL-ZOOP-15A","Daphnia","cladocera","EasternBrook",3155,1.23696992967776
"SNL-ZOOP-16A","calanoid_cyclopoid","copepoda","EasternBrook",3155,3.29579081533648
"SNL-ZOOP-17A","calanoid_cyclopoid","copepoda","EasternBrook",3155,1.48925403798932
"SNL-ZOOP-18A","calanoid","copepoda","Granite2",3178,1.97280516191843
"SNL-ZOOP-19A","Daphnia","cladocera","Granite2",3178,3.13087029536121
"SNL-ZOOP-20A","Ceriodaphnia","cladocera","Granite2",3178,3.82665749023909
"SNL-ZOOP-GFF47",">350um",">350um","Sunrise2",2830,4.36692227999861
"SNL-ZOOP-GFF48","Holopedium","cladocera","Cascade",3140,4.74748903002668
"SNL-ZOOP-GFF49",">350um",">350um","Blue",3054,3.75632797464172
"SNL-ZOOP-GFF53",">350um",">350um","EasternBrook",3155,4.46943326677686
"SNL-ZOOP-GFF65",">350um",">350um","Lukens",2513,3.69595430355491
"SNL-ZOOP-GFF66",">350um",">350um","Greenstone",3091,4.3280512234631
"SNL-ZOOP-GFF67",">350um",">350um","Granite2",3178,4.9528723344058
"SNL-ZOOP-GFF69",">350um",">350um","MayPond",2714,4.48526124479589
"SNL-ZOOP-GFF70",">350um",">350um","Cascade",3140,3.15164989175778
