Location,Date,Lake,latitude,longitude,elevation..m,depth..m,secchi..m,tow..m,temp..C,DO..perc,DO..mg.L,cond,pH,DOC..mg.L,TN..ug.L,TP..ug.L,chla..ug.L
Sierra Nevada,7/30/22,Lukens,37.85989,-119.61614,2513,5.42544,5.1816,3.6576,21.4,78.2,6.87,15,8.36,1.9,157.75,16.25,0.71
Sierra Nevada,7/30/22,MayPond,37.834271,-119.48997,2714,0.6096,0.6096,0.3048,21.7,60.5,5.33,9.8,7.8,13.6,947.92,199.69,1.58
Sierra Nevada,8/6/22,Sunrise2,37.80882,-119.44948,2830,5.12064,3.9624,3.6576,18.79,72.97,6.8,0.1,6.92,1.55,268.43,34.21,1.915
Sierra Nevada,7/30/22,Blue,38.050952,-119.27033,3054,15.8496,4.8768,14.99616,12.8,73.8,7.92,74.7,7.97,0.85,137.16,22.6,0.34
Sierra Nevada,8/1/22,Greenstone,37.97965,-119.29034,3091,5.85216,5.85216,3.998976,15.11,71.9,7.23,8.1,7.73,5.35,110.82,33.44,1.695
Sierra Nevada,8/1/22,Cascade,37.98977,-119.30626,3140,10.54608,6.096,10.997184,13.85,71,7.34,4.6,7.23,1.05,240.83,136.84,0.53
Sierra Nevada,8/2/22,EasternBrook,37.431526,-118.74262,3155,5.66928,5.7912,4.99872,13.1,67.3,7.05,15.5,6.9,3.15,217.44,32.97,0.4
Sierra Nevada,8/8/22,Granite2,37.92645,-119.27843,3178,12.954,10.9728,10.0584,15.74,43.07,7.25,9.29,8.97,0.7,277.54,9.91,1.01